objectid,objectname,location,legalstatus,class_name,strat_name,tect_name,descript,url,source,y,x
20,Відслонення габро-діабазів Томашгородської дайки,"3.3 км на схід від смт Томашгород, Рокитнівський р-н",ні,петрографічний,Палеопротерозой,Український Щит,"У кар'єрі Пщельє розкрито габро-діабази дайки та вміщуючих її лептитів клесівської серії. Габро-діабази місцями вміщують виділення габро-пегматитів, збагаченик ільменітом та магнетитом.",,,51.314673,27.1194
52,Бронницькі шари,"с. Бронниця (долина р. Бронниці), Могилів-Подільський район",так,палеонтологічний,Едіакарій,Український Щит,"Відклади представлені бернашівською верствою яришівської світи, що  дали значну кількість видів вендобіонтів.  Бронницькі шари - плитчасті червоно-бурі (знизу світло-зелені) туфогенні аргіліти (туфіти). У світлозабарвлених аргілітах присутні нечіткі відбитки безскелетної фауни – потужність 5-6 м.",,,48.40644,27.890026
406,Відслонення пісковиків сеноманського ярусу в Мар'їному яру,м. Канів,ні,стратиграфічний,Верхня Крейда,Український Щит,"На 2.0 км від м. Канів в пригирловій частині Мар'їного яру в урвистих його схилах відслонюються пісковики сеноманського ярусу сірі, глауконіт-кварцові, дрібнозернисті, з прошарками більш щільних озалізнених. Видима потужність 6-7 м.",,"Геологічні пам'ятки України, том 2",49.71666667,31.53333333
397,Скелі МОПРу,м. Кривий Ріг,так,"петрографічний, геоморфологічний",Неоархей,Український Щит,"До території пам'ятки відносяться природні відслонення правого і лівого берегів річки Інгулець разом зі штучними оголеннями порід у затоплених дореволюційних залізорудних кар'єрах і в прорізі шосейної дороги. Скелі складаються з двох масивів, тик званих Велика і Мала Орлінка. В печерах поряд більше трьох тисяч років тому жили скіфи, потім слов'яни-уличі добували залізну руду. В 16-18 століттях їх облюбували козаки і облаштували тут свою скарбницю, яку надійно укріпили.В цьому районі на поверхню виходять породи залізної руди, що утворились дуже давно. Переважно на поверхні порода виступає біля води річки Інгулець, утворюючи своєрідні дивовижні за формою виступи скель.",https://upload.wikimedia.org/wikipedia/commons/thumb/e/e8/%D0%A1%D0%BA%D0%B0%D0%BB%D1%8B_%D0%9C%D0%9E%D0%9F%D0%A0%D0%B0.jpg/1024px-%D0%A1%D0%BA%D0%B0%D0%BB%D1%8B_%D0%9C%D0%9E%D0%9F%D0%A0%D0%B0.jpg,http://restgeo.com/Item/3673/dostoprimechatelnosti-skaly-mopra.aspx?cid=35&lang=ukr,47.889046,33.302546
41,Інгульська жила,"с. Інженеерівка, Компаніївський район",так,петрографічний,Палеопротерозой,Український Щит,"Площа є розчищеним скельним виходом висотою 25 м., довжиною – 100 м.",,,48.182706,32.444717
371,Відслонення Грушанської свити,"правий берег р. Мурафи, с. Грушка, Могилів-Подільський р-н",так,стратиграфічний,Протерозой,Український Щит,"Охороняється відслонення гірських порід, де розташований один з небагатьох в Україні стратотипних розрізів грушанської світи. Довжина відслонення становить 13,3 км. Її зеленувато-сірі піщано-глинисті відклади донизу, вглиб землі по розрізу поступово змінюються грубими, погано відсортованими коричневими аркозовими пісковиками.В основі залягає пласт брекчій з уламків кристалічних порід. Потужність світи більше 13 м. Заказник має наукову цінність, тому що відслонення представлені уламковими породами вперемішку із вулканогенним матеріалом та вулканічним попелом. Відслонення Грушанської свити вузькою смугою-язиком тягнеться навіть до самого Дністра.",http://refdb.ru/images/1005/2008355/m514eb11c.jpg,https://uk.wikipedia.org/wiki/%D0%92%D1%96%D0%B4%D1%81%D0%BB%D0%BE%D0%BD%D0%B5%D0%BD%D0%BD%D1%8F_%D0%93%D1%80%D1%83%D1%88%D0%B0%D0%BD%D1%81%D1%8C%D0%BA%D0%BE%D1%97_%D1%81%D0%B2%D1%96%D1%82%D0%B8,48.454342,27.99559
387,Печера Буковинка,"на 1,5 км на пд-зх від с. Стальнівці, Новоселицький р-н",так,спелеологічний,Неоген,Волино-Подільська плита,"Печера є триповерховим лабіринтом загальною довжиною понад 5 км. Нижній поверх майже повністю затоплений. Ходи верхнього поверху звужені, середнього (основного) — широкі та порівняно високі — завширшки пересічно 2—3 м, заввишки 1,5—5 м. Саме тут уперше на Буковині були знайдені сталактити; є також чимало різних натічних форм і вторинних кристалів. Ходи нижнього ярусу мають низьке склепіння. Виявлено теж декілька озер з мінералізованою водою. Взимку біля входу до печери утворюються крижані сталактити і сталагміти.",http://serg-klymenko.narod.ru/Other_World/Photo/Ukraine.PivdenZahid/IMG_1017-1021.jpg,https://uk.wikipedia.org/wiki/%D0%91%D1%83%D0%BA%D0%BE%D0%B2%D0%B8%D0%BD%D0%BA%D0%B0_(%D0%BF%D0%B5%D1%87%D0%B5%D1%80%D0%B0),48.286209,26.534392
36,Гора Високий Замок,північно-східна околиця м. Львів,так,геоморфологічний,"Верхня Крейда, Міоцен",Волино-Подільська плита,"Є складовою ланцюга плосковершинних ерозійних останців у північно-східній частині Львівського плато. Плосковерха вершина гори (413 м) увінчана штучно насипаним протягом1869-1900 років конусоподібним горбом висотою 36 м. Нижня частина гори складена мергелями маастрихтського ярусу, верхня - вапняками баденського регіоярусу середнього міоцену. Має дві ясно виражені структурні тераси, поверхня яких бронюється шарами твердих багнякових вапняків опільської світи.",http://carpaty.net/wp-content/uploads/2013/01/012.jpg,,49.069444,23.414167
68,Відслонення девону в с.Вістря №2,"160 м вище за течією від села Вістря Монастириського р-ну, на лівому березі річки Дністер.",так,стратиграфічний,Нижній Девон,Волино-Подільська плита,"Відслонення (12-метрова товща) строкатих і сіроколірних теригенних порід, якими закінчується розріз дністровської серії. Виявлені рештки псилофітів, членистостеблистих і папоротеподібних, а також рештки риб. Відслонення має важливе значення для встановлення історії розвитку рослинного світу.",http://upload.wikimedia.org/wikipedia/commons/thumb/8/8d/%D0%92%D1%96%D0%B4%D1%81%D0%BB%D0%BE%D0%BD%D0%B5%D0%BD%D0%BD%D1%8F_%D0%B4%D0%B5%D0%B2%D0%BE%D0%BD%D1%83_1.JPG/300px-%D0%92%D1%96%D0%B4%D1%81%D0%BB%D0%BE%D0%BD%D0%B5%D0%BD%D0%BD%D1%8F_%D0%B4%D0%B5%D0%B2%D0%BE%D0%BD%D1%83_1.JPG,http://wikivisually.com/lang-uk/wiki/%D0%92%D1%96%D0%B4%D1%81%D0%BB%D0%BE%D0%BD%D0%B5%D0%BD%D0%BD%D1%8F_%D0%B4%D0%B5%D0%B2%D0%BE%D0%BD%D1%83_%E2%84%96_2_%D0%B2_%D1%81%D0%B5%D0%BB%D1%96_%D0%92%D1%96%D1%81%D1%82%D1%80%D1%8F,48.932377,25.146511
395,Печера Ювілейна,"на лівому схилі долини річки Циганка, поблизу села Сапогів Борщівського району",так,спелеологічний,Середній Міоцен,Волино-Подільська плита,"Загальна довжина ходів — 1,6 км. Утворена в гіпсах тортонського ярусу неогенового періоду. Кілька галерей, закладених по тектонічних тріщинах, з'єднані короткими ходами. Зал «Планетарій» має купол діаметром 8 м уздовж довгої осі та 5 м уздовж короткої. У склепінні галерей печери Ювілейної часто розкриваються неогенові вапняки та відклади мергелів, що залягають над гіпсами.",http://i1383.photobucket.com/albums/ah281/Zonderbear/pechera%20yuvileyna/6_zps4x0kpxg7.jpg,https://uk.wikipedia.org/wiki/%D0%AE%D0%B2%D1%96%D0%BB%D0%B5%D0%B9%D0%BD%D0%B0_(%D0%BF%D0%B5%D1%87%D0%B5%D1%80%D0%B0),48.731677,26.073053
394,Печера Перлина,"на пд-зх від с. Крутилів, Гусятинський район",так,спелеологічний,Середній Міоцен,Волино-Подільська плита,"Назва пов'язана з тим, що там знайдено печерні перлини — кульки з кальциту діаметром 10—12 мм. Тут також є сталактити, сталагміти та інші натічні утворення. На відміну від інших печер Поділля, «Перлина» утворена в товщі вапняків Товтрового кряжу. Ця єдина відома на Поділлі вертикальна печера має форму колодязя завглибшки 11 м, що продовжується похилим тріщинним ходом із невеликими уступами. Загальна глибина — бл. 26 м. Печера розташона в межах заповідника «Медобори». Має наукову й естетичну цінність.",http://vsviti.com.ua/wp-content/uploads/2012/05/%D0%A2%D0%B0%D0%BA-%D0%B2%D0%B8%D0%B3%D0%BB%D1%8F%D0%B4%D0%B0%D1%8E%D1%82%D1%8C-%D0%BF%D0%B5%D1%87%D0%B5%D1%80%D0%BD%D1%96-%D0%BF%D0%B5%D1%80%D0%BB%D0%B8%D0%BD%D0%B8.jpg,http://odb.te.ua/2051,49.229716,26.191272
5,Виходи гранитів житомирського комплексу,"м. Корець, вздовж р. Корчик",ні,петрографічний,Палеопротерозой,Український Щит,"Виходи гранітів у вигляді скель з прожилками пегматитів, аплітів. В Новокорецькому кар'єрі зустрічаються пегматитові утворення, мусковіт, кристали турмаліну-шерлу. ",,,50.60987,27.150174
381,Конгресів яр,"м. Лисичанськ, Попаснянський р-н",так,"стратиграфічний, тектонічний","Середній Карбон, Тріас, Верхня Крейда, Палеоген",Донецька Складчаста Споруда,"Унікальне відслонення зони Північно-Донецького насуву, одного з найбільших диз'юнктивів північної Донщини. Спостерігаються шари середньокам'яновугільного віку з великими кутами падіння та тріасові глини з кутами зворотного падіння, які знаходяться в тектонічному контакті з відкладеннями верхньокрейдяного і палеогенового віку. Об'єкт має велике науково-пізнавальне значення.",https://upload.wikimedia.org/wikipedia/commons/thumb/f/fa/Kongresiv_jar_2016_1.jpg/288px-Kongresiv_jar_2016_1.jpg,https://uk.wikipedia.org/wiki/%D0%9A%D0%BE%D0%BD%D0%B3%D1%80%D0%B5%D1%81%D1%96%D0%B2_%D1%8F%D1%80,48.956148,38.399837
161,Звенигородські конгломерати,Пд. околиця м. Звенигородка,так,петрографічний,"Архей, Палеопротерозой",Український Щит,,https://upload.wikimedia.org/wikipedia/commons/thumb/e/eb/Zvenygorodski_konglomeraty.JPG/800px-Zvenygorodski_konglomeraty.JPG,,49.037713,30.975747
4,Берестовецький комплекс,"Кар'єр 10, с. Берестовець, північний захід, Костопільський р-н",ні,стратиграфічний,Едіакарій,Волино-Подільська плита,"Знизу в кар'єрі розкриті стовпчасті та кулясті базальти, смуга лавобрекчії. Зверху незгідно залягайють сеноманські конгломерати з морською фауною. У північній частині кар'єру є туронські вапняки також з морською фауною.",,,50.869024,26.297637
329,Скеля Сфінкс,"Корсунь-Шевченківський район, околиця с. Стеблів на р. Рось",так,палеонтологічний,Архей,Український Щит,,,,49.415392,31.128586
32,Водоспад на р. Кам'янка,"р. Кам'янка, Сколівський р-н",так,геоморфологічний,Верхній Палеоцен,Складчасті Карпати,"У середній течії р. Кам'янка (притока р. Опір) спостерігається каскад невеликих водоспадів, найбільший з яких має висоту 5 м, і які приурочені до уступів масивних та грубошаруватих пісковиків ямненської світи. Вище водоспаду річка протікає у каньйоноподібній долині, яка має характер долини прориву.",http://skole.org.ua/pics/vodospad.jpg,,49.033333,23.566667
62,Відслонення білокоровицьких кварцитів,"с. Рудня-Озерянська, Олевський р-н, ДП «Білокоровицьке ЛГ»",так,петрографічний,Протерозой,Український Щит,Охороняється відслонення унікальних середньо- і дрібнозернистих кварцитів світлого рожевувато-сірого кольору.,,http://www.studfiles.ru/preview/5370685/page:4/,51.281132,28.043962
370,Балка Кровецька,"1 км на пд-сх від с. Іванопілля, Костянтинівський р-н",так,"стратиграфічний, палеонтологічний, тектонічний",Карбон,Донецька Складчаста Споруда,"Балка простягається від долини р. Кривий Торець (притока Казеного Торця) і розгалужується на два відроги. У балці чітко прослідковуються відслонення араукаритової світи пісковиків верхньо­кам’яно­вугільних відкладів з розривними порушеннями. Тут унаслідок тектонічних процесів були зім’яті горизонтальні 12-кілометрові складки осадових порід. Сірі та сіро-зелені щільні дрібнозернисті пісковики зім’яли та витіснили крупнозернисті рудувато-коричневі пісковики, складки яких зайняли вертикальне положення. На території балки найповніше представлені викопні рештки стовбурів хвойних дерев (родини араукарієвих), які перебувають на різних стадіях перетворення на кам’яне вугілля.",https://upload.wikimedia.org/wikipedia/commons/thumb/6/61/%D0%92%D0%B8%D0%B4_%D0%BD%D0%B0_%D0%B1%D0%B0%D0%BB%D0%BA%D1%83_%D0%9A%D1%80%D0%B0%D0%B2%D0%B5%D1%86%D0%BA%D1%83%D1%8E.jpg/300px-%D0%92%D0%B8%D0%B4_%D0%BD%D0%B0_%D0%B1%D0%B0%D0%BB%D0%BA%D1%83_%D0%9A%D1%80%D0%B0%D0%B2%D0%B5%D1%86%D0%BA%D1%83%D1%8E.jpg,=http://esu.com.ua/search_articles.php?id=2074,48.460174,37.786908
315,Скеля Адама Міцкевича,"Корсунь-Шевченківський район, околиця с. Стеблів на р. Рось",так,геоморфологічний,Архей,Український Щит,"Площа 0,1 га. За переказами, скеля була улюбленим місцем відпочинку Адама Міцкевича.",https://upload.wikimedia.org/wikipedia/commons/thumb/8/8f/%D0%A1%D0%BA%D0%B5%D0%BB%D1%8F_%D0%90%D0%B4%D0%B0%D0%BC%D0%B0_%D0%9C%D1%96%D1%86%D0%BA%D0%B5%D0%B2%D0%B8%D1%87%D0%B0.jpg/288px-%D0%A1%D0%BA%D0%B5%D0%BB%D1%8F_%D0%90%D0%B4%D0%B0%D0%BC%D0%B0_%D0%9C%D1%96%D1%86%D0%BA%D0%B5%D0%B2%D0%B8%D1%87%D0%B0.jpg,https://uk.wikipedia.org/wiki/%D0%A1%D0%BA%D0%B5%D0%BB%D1%8F_%D0%90%D0%B4%D0%B0%D0%BC%D0%B0_%D0%9C%D1%96%D1%86%D0%BA%D0%B5%D0%B2%D0%B8%D1%87%D0%B0,49.416339,31.097955
38,Чортова скеля,східна околиця м. Львів,так,геоморфологічний,Середній Міоцен,Волино-Подільська плита,Гора Чортова скеля (414 м) завершує південно східну окраїну Львівського плато. Плосковершинний ерозійний останець увінчаний оригінальними (химерними) формами вивітрювання пісковиків верхньої частини баденського регіоярусу. Це стрімкі вежеподібні скелі висотою до 20 м. У карбонатних пісковиках різної щільності чітко виражена скісна шаруватість. Типовий приклад ерозійних останців. На схилах гори чітко виражені суфозійні карстові лійки та зсуви. Має історичну цінність - за часів Галицько-Волинського князівства тут були розташовані сторожові пости.,http://photos.wikimapia.org/p/00/01/45/95/92_big.jpg,,49.828889,24.117222
53,Буглівський стратотип,"північна околиця с.Огризківці, Лановецький район",так,стратиграфічний,Міоцен,Український Щит,"В циркоподібній улоговині під охороною - відслонення нижньосарматської товщі (міоцен), серед порід якої виділяються так звані буглівські верстви, складені кварцовими пісками, пісковиками, піщанистими глинами, мергелями і вапняками, заг. потужністю бл. 16 м.",,https://uk.wikipedia.org/wiki/%D0%91%D1%83%D0%B3%D0%BB%D1%96%D0%B2%D1%81%D1%8C%D0%BA%D0%B8%D0%B9_%D1%81%D1%82%D1%80%D0%B0%D1%82%D0%BE%D1%82%D0%B8%D0%BF,49.777028,26.07611
384,Пісковики Бернашівки,"пн-сх околиця села Бернашівка, Могилів-Подільський р-н",так,палеонтологічний,Докембрій,Волино-Подільська плита,"Місце унікального відслонення порід яришівської світи докембрійських відкладів у Борщівському яру, де виявлені рештки нитчастих водоростей та мікропланктону, що свідчить про існування життя в археї і протерозої.",,http://esu.com.ua/search_articles.php?id=39476,48.561923,27.480371
34,Гребенівський кар'єр,"с. Гребенів, Сколівський р-н",ні,"стратиграфічний, тектонічний",Верхня Крейда,Складчасті Карпати,У стінці кар'єру протягом 300 м розкритий різноритмічний двокомпонентний шліф з потужними лінзами пісковиків (типові турбідитні утворення) крейдового віку. Спостерігаються складки з розмахом крил до 50 м. Об'єкт маєнаукове значення.,http://lh6.ggpht.com/_Rsxgn48Zapk/SwrvCTzqMII/AAAAAAAAAt8/wJXUhISVu4E/SDC10065.JPG,,48.95602,23.486885
6,Маренинсько-Устянські граніти,"береги р. Случ, с. Устя Корецького р-ну та с. Маринин, Березнівський р-н",так,петрографічний,Палеопротерозой,Український Щит,Виходи гнейсу тетерівської серії та гранитів житомирського комплексу у вигляді лінійних складок. Утворюють скелі. З гранітами також знаходяться пегматито-аплітові утворення.,"https://upload.wikimedia.org/wikipedia/uk/thumb/b/b5/%D0%9C%D0%B0%D1%80%D0%B5%D0%BD%D0%B8%D0%BD%D1%81%D1%8C%D0%BA%D0%BE-%D0%A3%D1%81%D1%82%D1%8F%D0%BD%D1%81%D1%8C%D0%BA%D1%96_%D0%B3%D1%80%D0%B0%D0%BD%D1%96%D1%82%D0%B8,_%D0%B2%D0%B8%D1%85%D1%96%D0%B4_%D0%BA%D1%80%D0%B8%D1%81%D1%82%D0%B0%D0%BB%D1%96%D1%87%D0%BD%D0%B8%D1%85_%D0%BF%D0%BE%D1%80%D1%96%D0%B4_28_%D1%87%D0%B5%D1%80._2008_%D1%80.jpg/220px-%D0%9C%D0%B0%D1%80%D0%B5%D0%BD%D0%B8%D0%BD%D1%81%D1%8C%D0%BA%D0%BE-%D0%A3%D1%81%D1%82%D1%8F%D0%BD%D1%81%D1%8C%D0%BA%D1%96_%D0%B3%D1%80%D0%B0%D0%BD%D1%96%D1%82%D0%B8,_%D0%B2%D0%B8%D1%85%D1%96%D0%B4_%D0%BA%D1%80%D0%B8%D1%81%D1%82%D0%B0%D0%BB%D1%96%D1%87%D0%BD%D0%B8%D1%85_%D0%BF%D0%BE%D1%80%D1%96%D0%B4_28_%D1%87%D0%B5%D1%80._2008_%D1%80.jpg",,50.813,27.13825
66,Відслонення девону в м.Чорткові,"Чортківський район, с. Вигнанка, лівий схил р. Серет, 1 км вище по течії від м. Чорткова.",так,"стратиграфічний, палеонтологічний",Нижній Девон,Волино-Подільська плита,"Під охороною — відслонення потужної (бл. 40 м) товщі темно-коричневих, зеленувато-сірих тонковерствуватих аргілітів з окремими прошарками вапняків, що містять рештки тентакулітів, остракод, пелеципод. Ці породи належать до жединського ярусу і є стратотипом чортківського горизонту. Відслонення має важливе наукове значення.",https://upload.wikimedia.org/wikipedia/commons/thumb/4/4b/61-255-5010_%D0%B2%D1%96%D0%B4%D1%81%D0%BB%D0%BE%D0%BD%D0%B5%D0%BD%D0%BD%D1%8F_%D0%B4%D0%B5%D0%B2%D0%BE%D0%BD%D1%83.JPG/1024px-61-255-5010_%D0%B2%D1%96%D0%B4%D1%81%D0%BB%D0%BE%D0%BD%D0%B5%D0%BD%D0%BD%D1%8F_%D0%B4%D0%B5%D0%B2%D0%BE%D0%BD%D1%83.JPG,https://uk.wikipedia.org/wiki/%D0%92%D1%96%D0%B4%D1%81%D0%BB%D0%BE%D0%BD%D0%B5%D0%BD%D0%BD%D1%8F_%D0%B4%D0%B5%D0%B2%D0%BE%D0%BD%D1%83_%D0%B2_%D0%BC%D1%96%D1%81%D1%82%D1%96_%D0%A7%D0%BE%D1%80%D1%82%D0%BA%D0%BE%D0%B2%D1%96,48.99852,25.824156
21,Відслонення лептитів Клесівських родовищ,"південна окраїна смт Клесів, Сарненський р-н",ні,стратиграфічний,Палеопротерозой,Український Щит,"Кар'єром на глибину до 80 м розкрито породи клесівської серії. Лептити тонкозернисті, порфіровидні, кварц-польовошпатового складу. Геліфлінти є тонкозернисті породи темно-рожевого кольору. Діабазові порфірити більше зустрічаються у вигляді ксенолітів або незначних пластових тіл посеред лептитів.",,,51.3,26.9
307,Скелеватські виходи,"м. Кривий Ріг, робітниче селище ПГЗК",так,"стратиграфічний, петрографічний",Палеопротерозой,Український Щит,Це великі скельні виходи ті дрібні гривки в крутому береговому уступі. Відслонюються метаконгломерат-пісковиково-сланцева формація. Це один з найкращих виходів на поверхню скелюватської світи в межах Криворізько-Кременчуцької структурно-фаціальної зони.,,"Геологічні пам'ятки України, том 2",47.788624,33.255166
383,Одеські катакомби,під м. Одеса,так,історико-гірничий,Неоген,Причорноморська западина,"Одеські катакомби - найбільші в світі підземні лабіринти. Значна частина катакомб - колишні каменоломні, з яких здобувався будівельний камінь. Їх нескінченні лабіринти простяглися під Одесою і її передмістями на 2,5 тис. Км. Найдавніший елемент Одеських катакомб - карстові печери - виник понад 3,7 млн. років тому. Решта типів підземних порожнин утворилися набагато пізніше, не раніше початку XIX століття. У цей час почалася підземний видобуток каміння, з якого зводилися будинки старої Одеси. Окрім штолень, в систему катакомб входять порожнини природного походження, наприклад, карстові печери, геологорозвідувальні і будівельні шурфи, підвали, бункери, дренажні тунелі, зливові колектори тощо.",https://upload.wikimedia.org/wikipedia/commons/thumb/c/c4/Nerubayskoe_04.jpg/250px-Nerubayskoe_04.jpg,http://www.autotravel.ua/countries/ukraine/odeski-katakomby/more_info/view_print/,46.521142,30.654146
109,Виходи мігматиту,"Криворізьский район, с. Лозоватка",так,"петрографічний, петрографічний","Палеопротерозой, Мезоархей",Український Щит,По берегах Інгульця у вигляді мальйовничих скель відслонюются дрібно- та середньозернисті граніти та мігматити кіровоградського комплексу і біотитові та амфібол-біотитові плагіограніти і мігматити з жилами апліто-пегматоїдних гранітів інгулецького комплексу.,,"Геологічні пам'ятки України, том 2",48.015303,33.289407
105,Виходи аркозових пісковиків,"м. Кривий Ріг, с. Рудниче",так,петрографічний,Палеопротерозой,Український Щит,На правому березі долини р. Інгулець відслонюються у вигляді групи скель висотою до 8-10 м теригенні утворення: метагравеліти та метапісковики,,"Геологічні пам'ятки України, том 2",47.84722,33.325395
19,Вирівське родовище,"південна окраїна с. Вири, Сарненський р-н",ні,петрографічний,Палеопротерозой,Український Щит,"У кар'єрі розкриті діорити, гранодіорити ті крупнозерністі граніти осницького комплексу. Діорити перетинають жили гранітів. В стінках кар'єру спостерігаються взаємовідносини порід осницького комплексу, послідовність їх формування. Дія гранітового розплаву на первинні габроїдні породи була причиною утворення діоритів та гранодіоритів. Згідно досліджень радянського академіка Израіля Борисовича Шлаіна гранодіорити Вирівського родовища по фізико-механічним властивостям входять в десятку кращих серед родовищ колишнього Радянського Союзу. ",,,51.23333,26.9335
380,Клебан-Бицьке відслонення,"пн-зх від с. Клебан Бик, Костянтинівський р-н",так,"стратиграфічний, мінералогічний",Перм,Донецька Складчаста Споруда,"Заповідне відслонення складають піщано-глинисті гірські породи — аргіліти, алевроліти, серед яких трапляються прошарки пісковиків. У прилеглих місцях до заповідної території серед піщано-глинистих покладів є також прошарки вапняків, доломіту та гіпсу. Заповідне відслонення як на об'єкт геології можна дивитися не тільки з точки зору стратиграфії, а ще і мінералогії: у глинистих породах містяться дрібні гіпсу; в пісковиках та алевролітах зустрічаються мінерали міді — яскраво-зелений малахіт та синій азурит. Прадавні виробки, де добували мідну руду, розташовані неподалік від Клебан-Бика. У вапняках і доломітах відслонення відзначаються вкрапленнями галеніту.",https://upload.wikimedia.org/wikipedia/commons/thumb/7/7a/%D0%9A%D0%BB%D0%B5%D0%B1%D0%B0%D0%BD_%D0%B1%D1%8B%D0%BA.jpg/700px-%D0%9A%D0%BB%D0%B5%D0%B1%D0%B0%D0%BD_%D0%B1%D1%8B%D0%BA.jpg,https://uk.wikipedia.org/wiki/%D0%9A%D0%BB%D0%B5%D0%B1%D0%B0%D0%BD-%D0%91%D0%B8%D1%86%D1%8C%D0%BA%D0%B5_%D0%B2%D1%96%D0%B4%D1%81%D0%BB%D0%BE%D0%BD%D0%B5%D0%BD%D0%BD%D1%8F,48.450046,37.723951
407,"Відслонення палеогенових і крейдових відкладів, с. Хмільна",Канівський р-н с. Хмільна,ні,стратиграфічний,"Нижній Еоцен, Верхня Крейда",Український Щит,"В Глядовому яру в с. Хмільна в зарослих схилах відслонюються (зверху до низу): Нижній еоцен канівська серія: піски глауконіт-кварцові, зеленувато-сірі, сірі, глинисті, з прошарками пісковиків, контакт з відкладами, що залягають нижче чіткий, різкий. Верхня крейда сеноманський ярус: товща пісків та пісковиків глауконіт-кварцових, кварцових, зеленувато-сірих, сірих. ",,"Геологічні пам'ятки України, том 2",49.66666667,31.5
375,Дружківські закам'янілі дерева,"північний схід с. Олексієво-Дружківка, Костянтинівський р-н",так,палеонтологічний,Карбон,Донецька Складчаста Споруда,"Відслонення скам'янілих дерев. Деякі з уламків зберегли не тільки форму, але й внутрішню структуру рослини, за допомогою якої можна впізнати араукарію — достатньо рідкісне в наш час вічнозелене хвойне дерево. Дерева араукарії 250 млн. років тому були ураганом вирвані з коренем і впали у річку. У воді дерева перебували без контакту з повітрям і тому не розкладалися. Згодом на місці лісу утворилося море. Морська вода вимила зі стовбурів органічні речовини, замість них у стовбурах накопичилися мінеральні речовини.",http://uatravel.org/wp-content/uploads/2014/02/wpid-1humVXwDWyI.jpg,https://uk.wikipedia.org/wiki/%D0%94%D1%80%D1%83%D0%B6%D0%BA%D1%96%D0%B2%D1%81%D1%8C%D0%BA%D1%96_%D1%81%D0%BA%D0%B0%D0%BC'%D1%8F%D0%BD%D1%96%D0%BB%D1%96_%D0%B4%D0%B5%D1%80%D0%B5%D0%B2%D0%B0,48.608297,37.567468
128,Гора Могура,"Корсунь-Шевченківський район, с. Хильки",так,геоморфологічний,Неоген,Український Щит,,,,49.340787,30.97764
293,Самгородський кар'єр,"Смілянський район, с. Самгорок",так,петрографічний,Палеопротерозой,Український Щит,Площа 4 га. Граніти-рапаківі.,https://upload.wikimedia.org/wikipedia/commons/7/77/Samgorodok_SAM_8893_71-237-5013.jpg,,49.043345,31.682525
409,Відслонення трахтемирівських пісковиків біля с. Бучак,"Канівський р-н в 2,5 км на південь від с. Бучак",ні,стратиграфічний,"Середній Плейстоцен, Середній Еоцен",Український Щит,"На правому урвистому березі Канівського водосховища, в 2,5 км на південь від с. Бучак відслонюються зверху донизу: Середній плейстоцен. Дніпровський кліматоліт: пісок флювіогляціальний, кварцовий, білий, різнозернистий, розпушений - 4,0 м. Середній еоцен. Бучацька серія:  пісок кварцовий, жовто-білий, дрібнозернистий з проверстками та лінзами пісковику цукроподібного, щільного, кварцовидного, часто з химерними формами на поверхні, видима потужність 5,0 м. Контакт між поверхнями чіткий, різкий, обвохрений.",,"Геологічні пам'ятки України, том 2",49.83333333,31.46666667
40,Печера Страдчанська,"північно-західна околиця с. Страдч, Яворівський р-н",так,спелеологічний,Середній Міоцен,Волино-Подільська плита,"На схилі однієї з височин південної окраїни розточчя, у товщі світло-сірих різнозернистих пісковиків баденського регіоярусу, якими складена ця височина, закладена печера. Вона має ще назву церковна. Печера горизонтальна, чітко пов'язана з шаром слабозцементованих пісковиків. Повна протяжність галереї печери без обвали не встановлена. Відомі два гроти. Один прямокутний, площею 30 м?, заввишки 2,2 м, із целіндровим склепінням. Другий округлий, діаметром біля 3 м, з нішами та галереями, що  розгалужуються у двох напрямках.",http://yanivgames.at.ua/andriy/Pechera-1-.png,,49.898056,23.755278
413,Карачунівські граніти,"м. Кривий Ріг, Карачуни",так,петрографічний,Мезоархей,Український Щит,По обидва боки від водостічного каналу водосховища на р. Інгулець у вигляді мальовничих скель з порогами і невеликими водоспадами відслонюются сірі і рожево-сірі біотитові та амфібол-біотитові плагіограніти та плагіомігматити інгулецького комплексу.,http://www.shukach.com/sites/default/files/imagecache/node-gallery-display/post_images/P4110229.jpg,"Геологічні пам'ятки України, том 2",47.9075,33.28472222
2,Берестовецьке відслонення базальтів,"Кар'єр 7, с. Берестовець, північний захід, Костопільский р-н",ні,"мінералогічний, петрографічний",Едіакарій,Волино-Подільська плита,"Базальти трапової формації зі стовпчастою окремістю, що вказують на особливості вендського палеовулканізму. Над тонкою корою вивітрювання базальтів залягають крейда та флювіогляціальний пісок. В кар'єрі 7 також можна зустріти багато мінералів, кальцитові жили.",,,50.869024,26.297637
50,Березняківський кар'єр,"Смілянський район, с. Березняки 600 м на південний захід від залізничної платформи, прав. берег р. Тясмин",так,петрографічний,Протерозой,Український Щит,Поклади житомирських гранітів,http://ic.pics.livejournal.com/serjo25/51766885/544/original.jpg,http://serjo25.livejournal.com/519.html,49.117906,31.961299
104,Виходи амфіболітів,"м. Кривий Ріг, рудник ім. Кірова",так,"стратиграфічний, петрографічний",Палеопротерозой,Український Щит,Відслонюються фрагменти розрізу скелюватської і саксаганської світ криворізької серії. Виходи амфіболіту по правому берегу р. Саксагань,https://upload.wikimedia.org/wikipedia/commons/thumb/c/cd/%D0%92%D0%B8%D1%85%D0%BE%D0%B4%D0%B8_%D0%B0%D0%BC%D1%84%D1%96%D0%B1%D0%BE%D0%BB%D1%96%D1%82%D1%96%D0%B2_07.JPG/300px-%D0%92%D0%B8%D1%85%D0%BE%D0%B4%D0%B8_%D0%B0%D0%BC%D1%84%D1%96%D0%B1%D0%BE%D0%BB%D1%96%D1%82%D1%96%D0%B2_07.JPG,"Геологічні пам'ятки України, том 2",47.938345,33.399932
389,Печера Кришталева,"пд-зх околиця с. Кривче, Борщівський р-н",так,спелеологічний,Середній Міоцен,Волино-Подільська плита,"Одна з найбільших гіпсових печер Європи. Досліджена довжина — 23 км. Назву «Кришталева» печера отримала завдяки кристалам гіпсу білого, кремового та рожево-бурштинового кольору, що покриває місцями її стіни. Особливістю печери є те, що в ній підвищена іонізація повітря і води, абсолютна відсутність патогенних організмів, а недавно виявлено мінеральний болотний мул і воду. Усе це робить «Кришталеву» найперспективнішим об'єктом для лікувальних та рекреаційних цілей.",http://www.centr-tur.te.ua/_/rsrc/1411054874898/activity/tours/krushtaleva/_136.jpg?height=300&width=400,http://www.centr-tur.te.ua/activity/tours/krushtaleva,48.691062,26.093371
14,Виходи льодовикової морени по р. Стир,"від смт Володимирець до с. Бережниця (Володимирський та Дубровицький р-ни); правий берег р. Стир біля с. Стара Рафалівка
",так,геоморфологічний,Середній Плейстоцен,Український Щит,Під час дніпровського зледеніння сформувався рельєф моренного характеру з зандровими рівнинами. Інколи зустрічаються валуни кінцевої морени (990 тис. р.).В правому березі р. Стир відслонюються залишки морени.,,,51.368,26.113
390,Печера Млинки,біля села Залісся Чортківського району,так,спелеологічний,Міоцен,Волино-Подільська плита,"Загальна довжина печери — 47 км. Закладена у гіпсах баденського регіоярусу середнього міоцену. Потужність шару гіпсів становить близько 20 м. Млинки — еталон гіпсового карсту — являють собою субгоризонтальну порожнину лабіринтового типу. Більшість довгих галерей та залів печери утворились у тріщинах з азимутами простягання 10—20 градусів, в перпендикулярному напрямку їх з'єднують короткі переходи. Деякі зали мають обвальне походження, в стелі оголюються мергелями і вапняками, що залягають вище.У більшості галерей стіни рясно вкрити гіпсовими кристалами різних розмірів, забарвлених у білий, жовтий, чорний та червоний кольори, кристалічним снігом; де-не-де можна побачити геліктити, виходи «шаблевидного» гіпсу, плафони пластинчастого гіпсу та карбонатні натічні утворення, групи сталактитів, «макаронів» та поодинокі сталагміти.",http://ua.igotoworld.com/frontend/webcontent/websites/1/images/65091_800x600_mlinki3.jpg,https://uk.wikipedia.org/wiki/%D0%9F%D0%B5%D1%87%D0%B5%D1%80%D0%B0_%C2%AB%D0%9C%D0%BB%D0%B8%D0%BD%D0%BA%D0%B8%C2%BB,48.955765,25.875839
396,Бабинецький менгір,"північна околиця с. Бабинці Борщівського р-ну, у верхній частині лівого схилу долини ріки Нічлави",так,геоморфологічний,Нижній Девон,Український Щит,"Вапняковий останець оригінальної форми, з яким пов'язана легенда про скіфську бабу.",https://upload.wikimedia.org/wikipedia/uk/thumb/b/b8/Babyntsi4.jpg/300px-Babyntsi4.jpg,Унікальні перлини природи Тернопільщини,48.666754,26.051995
35,Гора Лева,північно-східна околиця м. Львів,так,"стратиграфічний, геоморфологічний",Верхня Крейда,Волино-Подільська плита,"Відома також під назвою Піскова. Піля підніжжя північного схилу гори відслонюються мергелі верхньої крейди. Над ними залягає товща баденського регіоярусу. Його нижня частина складена породами опільської світи. У її основі залягають товстошаруваті пісковики з дрібними сферичними піщаними конкреціями. Основна частина світи тут представлена чергуванням лінзоподібних прошарків пісків потужністю до 1,5-2 з чіткою косою шаруватістю. Верхня частина регіоярусу ксладена кварцевими пісками і пісковиками з проверстками бентонітових глин та лінзами органогенних вапняків, насичених черепашками устриць доброї збережності.",https://upload.wikimedia.org/wikipedia/uk/thumb/d/d9/%D0%93%D0%BE%D1%80%D0%B0_%D0%9B%D0%B5%D0%B2%D0%B0_(%D0%9B%D1%8C%D0%B2%D1%96%D0%B2)-2.jpg/250px-%D0%93%D0%BE%D1%80%D0%B0_%D0%9B%D0%B5%D0%B2%D0%B0_(%D0%9B%D1%8C%D0%B2%D1%96%D0%B2)-2.jpg,,49.847228,24.044722
23,Відслонення плейстоценової лесової формації Полісся,"с. Коршів поблизу дороги Львів-Луцьк, Луцький р-н",ні,стратиграфічний,"Середній Плейстоцен, Верхній Плейстоцен",Волино-Подільська плита,"Відкрито породи лесової формації. Це світло-палеві та палево-сірі лесовидні суглинки. Під п'ятнадцятиметровою товщею суглинків, спостерігаються поховані грунти. В суглинках зустрічаються органічні рештки середньо- та пізньоплейстоценового віку.",,,51.58628,23.69476
170,Канівська світа,"Канівський район, 300 м на схід від околиці с.Монастирок. береговий уступ водосховища. Гора “Костівщина”",так,стратиграфічний,Палеоген,Український Щит,"Відслонення ранньопалеогенових порід - канівська світа з чотирма її горизонтами. Канівська світа: піски зеленувато-сірі глауконіто-кварцові, алеврити і глини.",,,49.97433,31.403003
64,Відслонення головинського габро,"східна околиця с. Головино, Черняхівський р-н",так,петрографічний,Протерозой,Український Щит,"У Сліпчицькому  кар'єрі - сіра середньо-зерниста порода габбро з рівномірно зернистою структурою, міцна, масивна, яка складається з плагіоклазу, моноплинного піроксену, гіперстену, олевіну, а також другорядних мінералів — ільменіту, рідкотитаномагнетіту калієвопольового шпату, біотіту, іноді кварцу. Головинське габбро відноситься до Коростенського комплексу протерозойського віку (1750 млн років). Порода є чудовим декоративно-облицьовувальним матеріалом.",http://geoknigi.com/book_view.php?id=459,http://www.studfiles.ru/preview/5370685/page:4/,50.479701,28.884449
7,Кар'єр кембрійських глин,"біля с. Хотин, правий берег р. Горинь, Рівненський р-н",так,стратиграфічний,Едіакарій,Волино-Подільська плита,"У кар'єрах, що зараз затоплені водою та вироблені, розроблялися аргиліти. Зустрічаються уламки дрібнозернистих пісків з хвилеприбійними відмітками. Фосфоритові конкреції.",,,50.70846,26.2324
37,Кортумова гора,північно-західна околиця м. Львів,так,"стратиграфічний, геоморфологічний","Середній Міоцен, Верхній Плейстоцен",Волино-Подільська плита,"Є складовою південно-східної окраїни Європейського вододільного пасма. На східному урвистому схилі гори відслонюється частина розрізу баденського регіоярусу. Це чергування лінзоподібних шарів глауконіт-кварцових пісків з чіткою крупною скісною шаруватістю, кварцових пісковиків та багрянкових вапняків з прошарками бентонітових глин, з рештками черепашок молюсків та моховаток. Перекриваються товщею верхньонеоплейстоценових лесоподібних суглинків, у яких були виявлені сліди стоянки людей пізнього палеоліту.",https://upload.wikimedia.org/wikipedia/uk/thumb/7/70/%D0%9A%D0%BE%D1%80%D1%82%D1%83%D0%BC%D0%BE%D0%B2%D0%B0_%D0%93%D0%BE%D1%80%D0%B0-1.JPG/300px-%D0%9A%D0%BE%D1%80%D1%82%D1%83%D0%BC%D0%BE%D0%B2%D0%B0_%D0%93%D0%BE%D1%80%D0%B0-1.JPG,,49.857222,23.990556
15,Соколині гори,"між смт Соснове та с. Губків, Березнівський р-н",ні,"петрографічний, геоморфологічний",Палеопротерозой,Український Щит,"Місцевість представлена скелями. Породи у відслоненнях та кар'єрах по р. Случ зібрані у лінійні складки субширотного напрямку. Спостерігаються граніти та мігматити (житомирський комплекс), ксеноліти (тетерівська серія).",https://upload.wikimedia.org/wikipedia/commons/thumb/8/8e/%D0%A1%D0%BE%D0%BA%D0%BE%D0%BB%D0%B8%D0%BD%D1%96_%D0%B3%D0%BE%D1%80%D0%B8_%D0%BD%D0%B0%D0%B4_%D0%A1%D0%BB%D1%83%D1%87%D1%87%D1%8E.JPG/300px-%D0%A1%D0%BE%D0%BA%D0%BE%D0%BB%D0%B8%D0%BD%D1%96_%D0%B3%D0%BE%D1%80%D0%B8_%D0%BD%D0%B0%D0%B4_%D0%A1%D0%BB%D1%83%D1%87%D1%87%D1%8E.JPG,,50.816667,27.075
55,Бутова гора,Шишацький район,так,геоморфологічний,Неоген,Дніпровсько-Донецька западина,"Бутова гора є частиною крутого лівого схилу долини р. Псел, що утворилась в результаті ерозійної діяльності стічних льодовикових вод в осадовій товщі Дніпросько-Донецької западини під час танення дніпровського льодовика. Висота гори становить 70 м над рівнем р. Псел. Схили складені піщаними відлкадами міоцену (полтавська світа), алювієм давніх терас, четвертинними суглинками, ускладнені екрозійними та ерозійно-зсувними формами. У підніжжі схилу спостерігаються місця виходу грунтових вод у вигляді джерел.Унікальність цієї ділянки долини р. Псел полягає й в тому, що тут ми маємо крутий лівий берег та пологий терасований правий берег (порушення закону Коріоліса), пов’язане з особливостями геологічної будова та проявами соляної тектоніки, що є характерним явищем для центральної частини Дніпровсько-Донецької западини.","https://uk.wikipedia.org/wiki/%D0%A4%D0%B0%D0%B9%D0%BB:%D0%91%D1%83%D1%82%D0%BE%D0%B2%D0%B0_%D0%B3%D0%BE%D1%80%D0%B0,_%D0%A8%D0%B8%D1%88%D0%B0%D1%86%D1%8C%D0%BA%D0%B8%D0%B9_%D1%80%D0%B0%D0%B9%D0%BE%D0%BD_-_2016-04-17_033-1.jpg",https://uk.wikipedia.org/wiki/%D0%91%D1%83%D1%82%D0%BE%D0%B2%D0%B0_%D0%93%D0%BE%D1%80%D0%B0,49.854924,33.95641
22,Відслонення льодовикових відкладів Полісся,"північно-західна окраїна с. Ростань, Шацький -н",ні,"стратиграфічний, гляціологічний",Середній Плейстоцен,Волино-Подільська плита,"Відслонюються відклади льодовикової формації дніпровського зледеніння. А саме піски кварцові, жовтого та бурого кольору, місцями з незначними прошарками супіску в якому присутній гравій та галька. Зустрічаються окремі валуни, представлені гранітами та кварцитами.",,,51.58628,23.69476
58,Відслонення іризуючого лабрадориту,"східна околиця смт Головине, Черняхівський р-н",так,петрографічний,Палеопротерозой,Український Щит,"Створена з метою охорони частини західної стінки кар'єру в родовищі темного, зеленувато-сірого лабрадориту з крупними кристалами плагіоклазу, які відзначаються яскравою барвистою іридизацією.",https://upload.wikimedia.org/wikipedia/commons/thumb/4/45/Outcrop_of_labradorite_on_Golovinskiy_quarry_01.jpg/800px-Outcrop_of_labradorite_on_Golovinskiy_quarry_01.jpg,https://uk.wikipedia.org/wiki/%D0%92%D1%96%D0%B4%D1%81%D0%BB%D0%BE%D0%BD%D0%B5%D0%BD%D0%BD%D1%8F_%D1%96%D1%80%D0%B8%D0%B7%D1%83%D1%8E%D1%87%D0%BE%D0%B3%D0%BE_%D0%BB%D0%B0%D0%B1%D1%80%D0%B0%D0%B4%D0%BE%D1%80%D0%B8%D1%82%D1%83,50.477893,28.844377
313,Скеля Радіонова,"Маньківський район, с. Буки на р. Гнилий Тікич
",так,геоморфологічний,Палеопротерозой,Український Щит,,,,49.075292,30.438597
29,Водоспад Гуркало,"південна околиця с. Корчин, п. Велика річка, Сколівський р-н",ні,геоморфологічний,Верхній Олігоцен,Складчасті Карпати,Водоспад висотою 4 м приурочений до пачки окрем'янілих аргілітів,http://vorobus.com/wp-content/uploads/2010/06/Vodospad-Gurkalo.jpg,,49.084,23.472
13,Мізоцький кряж,від м. Острог до м. Дубно,так,геоморфологічний,Турон,Волино-Подільська плита,"Кряж є тектонічно-активним, що зумовлює утворення ярів. Складений писальною крейдою здолбунівської світи та ерозійними останцями міоцену, вапняками та пісками. У пісках сарматського віку зустрічаються скам'янілі дерева та вуглеподібні прошарки. Перекриваються відклади зверху лесовидними суглинками.",http://kolokray.com/pic/attraction/upload/features/15201637022322/new_1.jpg,,50.364,26.17
325,Скеля О.С. Пушкіна,Околиця м. Кам’янки на р. Тясмин,так,геоморфологічний,Архей,Український Щит,"Невеликий гранітний острівець посеред Тясмина. За переказами Пушкін любив прогулюватися берегами річки і писати свої вірші, вмостившись на цій скелі.",http://kamyanka.inf.ua/images/ps.jpg,http://haidamac.org.ua/2011/10/kamyanka/,49.019361,32.118589
199,Лузанівський розріз,"Кам’янський район, Сх околиця с. Лузанівки на лівому березі р. Сірий Ташлик",так,стратиграфічний,Палеоген,Український Щит,,,,49.037381,31.910142
17,Відслонення діоритів і гранодіоритів осницького комплексу,"північний схід від смт Томашгород Рокитнівський р-н, лівий берег р. Лев",ні,петрографічний,Палеопротерозой,Український Щит,"У кар'єрі розкрито кварцові діорити та гранодіорити осницького комплексу. Породи мають поступові переходи, відрізняються з вмістом кварцу та темноколірних мінералів. Часто вміщують ксеноліти діабазових порфіритів клесівської серії.",,,51.304033,27.088594
374,Гранітні скелі,"біля села Новосолдатське, Бердянський р-н",так,геоморфологічний,Протерозой,Український Щит,"Охороняються гранітні скелі на лівому (високому і крутому) березі річки Берди. Скелі зазнали значної водної та вітрової ерозії, через що деякі з них мають чудернацькі форми. Є частиною гранітних виходів Приазовського кристалічного масиву.",http://www.zotic.zp.ua/cms/files/pages/0/187_94468_rstw200.jpg,https://uk.wikipedia.org/wiki/%D0%93%D1%80%D0%B0%D0%BD%D1%96%D1%82%D0%BD%D1%96_%D1%81%D0%BA%D0%B5%D0%BB%D1%96_(%D0%97%D0%B0%D0%BF%D0%BE%D1%80%D1%96%D0%B7%D1%8C%D0%BA%D0%B0_%D0%BE%D0%B1%D0%BB%D0%B0%D1%81%D1%82%D1%8C),47.013007,36.876461
25,Скеля Кам'яний Триніг,"3 км на схід від околиці с. Переліски, Бродівський р-н",так,геоморфологічний,Верхній Міоцен,Волино-Подільська плита,"На вершині горба серед лісу скеля - ерозійний останець вапнякових пісковиків сарматського регіоярусу верхнього міоцену (11 млн р.), якаявляє собою кам'яну плиту розміром 7 х 4 х 3 м, що лежить на трьох опорах. Скеля є типовим прикладом ерозійних останців сарматських пісковиків.",http://carpaty.net/wp-content/uploads/2013/01/001.jpg,,49.945453,25.202229
30,Скелі та печери на хребті Ключ,"хр. Ключ, Сколівський р-н",ні,спелеологічний,Верхній Палеоцен,Складчасті Карпати,"На південному схилі хр. Ключ у приводільній частині серед лісу спостерігаються скелі-останці масивних пісковиків ямнецької світи висотою до 15-20 м. Також на південному схилі хр. Ключ у пісковиках виявлено більш ніж 20 печер тріщинного типу, найбільша має довжину усіх ходів 520 м. Печери утворилися в результаті гравітаційного зсуву блоків ямнецьких пісковиків. За рахунок зсуву також утворилися каньйоноподібні розколи шириною до 5-10 м і глибиною до 20-25 м.",http://carpaty.net/wp-content/uploads/2013/01/006.jpg,,49.05,23.5833333
167,Канівські діапіри,"Канівський район, правий борт Синелового яру, 600 м на захід від с. Хмільна",так,тектонічний,Крейда,Український Щит,,,,49.686966,31.481317
393,Печера Піонерка,"на захід від села Погорілівка, Заставнівський район",так,спелеологічний,Середній Міоцен,Волино-Подільська плита,"Довжина печери 530 м, перепад висот 15 м, висота входу 2,1 м. Печера триповерхова. Максимальна ширина ходів 3—4 м, висота 1—6 м. Основна цінність — наявність різновікових фрагментів 7 стадій розвитку карстового процесу. В печері є потужне джерело, яке за декілька метрів знову зникає під землею.",http://www.turystam.in.ua/images/stories/2/pionerka.jpg,https://uk.wikipedia.org/wiki/%D0%9F%D0%B5%D1%87%D0%B5%D1%80%D0%B0_%D0%9F%D1%96%D0%BE%D0%BD%D0%B5%D1%80%D0%BA%D0%B0,48.564626,25.949713
61,Відслонення аркозових пісковиків,"правий берег річки Інгулець, біля с. Стародобровільське, Широківський р-н",так,стратиграфічний,Докембрій,Український Щит,Площа - 1 га.,https://upload.wikimedia.org/wikipedia/commons/thumb/7/7d/%D0%91%D1%96%D0%BB%D0%B0_%D1%81%D0%BA%D0%B5%D0%BB%D1%8F%2C_%D0%9D%D0%BE%D0%B2%D0%BE%D0%BB%D0%B0%D1%82%D1%96%D0%B2%D0%BA%D0%B0_02.JPG/300px-%D0%91%D1%96%D0%BB%D0%B0_%D1%81%D0%BA%D0%B5%D0%BB%D1%8F%2C_%D0%9D%D0%BE%D0%B2%D0%BE%D0%BB%D0%B0%D1%82%D1%96%D0%B2%D0%BA%D0%B0_02.JPG,https://uk.wikipedia.org/wiki/%D0%92%D1%96%D0%B4%D1%81%D0%BB%D0%BE%D0%BD%D0%B5%D0%BD%D0%BD%D1%8F_%D0%B0%D1%80%D0%BA%D0%BE%D0%B7%D0%BE%D0%B2%D0%B8%D1%85_%D0%BF%D1%96%D1%81%D0%BA%D0%BE%D0%B2%D0%B8%D0%BA%D1%96%D0%B2_(%D0%BF%D0%B0%D0%BC'%D1%8F%D1%82%D0%BA%D0%B0_%D0%BF%D1%80%D0%B8%D1%80%D0%BE%D0%B4%D0%B8),47.758249,33.209496
382,Новокатеринівське відслонення,"між с. Новокатеринівка та смт Старобешеве, на лівому березі річки Кальміус, Старобешівський р-н",так,"стратиграфічний, палеонтологічний",Нижній Карбон,Донецька Складчаста Споруда,"Рифові вапняки вздовж берега р. Кальміус з великою кількістю викопної фауни. Нижче вапняку залягає кварцитоподібний пісковик та бешевські пласти кам'яного вугілля.
Пам'ятка природи являє собою оголені пласти намюрського ярусу нижньокам'яновугільного відділу у великому закруті річки Кальміус, неподалік від місця впадіння до неї річки Осикової. Морські відкладення в Новокатеринівському відслоненні багатоярусні. У нижній частині на поверхню виходять потужні рифові пісковики з горизонтальною шаруватістю. Вище пісковиків розташований вугільний пласт потужністю 0,4 метра, покритий алевролітом. Вище вугільного пласта розташовані два шари вапняків, загальна потужність яких становить 21,5 метра. Пласти вапняків розділені шаром аргілітів потужністю 10 метрів. У відкладеннях трапляється багато залишків коралів, морських їжаків, трилобітів.",,https://uk.wikipedia.org/wiki/%D0%9D%D0%BE%D0%B2%D0%BE%D0%BA%D0%B0%D1%82%D0%B5%D1%80%D0%B8%D0%BD%D1%96%D0%B2%D1%81%D1%8C%D0%BA%D0%B5_%D0%B2%D1%96%D0%B4%D1%81%D0%BB%D0%BE%D0%BD%D0%B5%D0%BD%D0%BD%D1%8F_%D0%B1%D0%B5%D1%88%D1%96%D0%B2%D1%81%D1%8C%D0%BA%D0%BE%D0%B3%D0%BE_%D0%B2%D0%B0%D0%BF%D0%BD%D1%8F%D0%BA%D1%83,47.729691,38.139701
403,Старуня,"біля південної околиці села Старуні, Богородчанський р-н",так,"палеонтологічний, вулканічний",Олігоцен,Передкарпатський прогин,"Геологічна пам'ятка природи — єдиний і унікальний не тільки у Карпатському регіоні, але й у світі. Своїм виникненням він зобов'язаний насамперед людям. Понад століття тому тут почали розробляти нафтові та озокеритні родовища. Ґрунтові води, насичені киснем, тепер проникають углиб землі на тисячу метрів, викликають окислення нафти, що й дає той приплив теплової енергії, яка живить вулкан. Вперше вулкан проявив себе 1977 року після землетрусу в горах Вранча в Румунії та сягав висоти 3 м. Сьогодні вулкан має 8 кратерів і 12 непостійних мікрократерів, які виділяють газ, воду, глинисту пульпу, інколи нафту або її складники.",https://ua.igotoworld.com/frontend/webcontent/websites/1/images/gallery/8678_800x600_Vulkan-Starunya-gazovyiy-fakel.jpg,https://uk.wikipedia.org/wiki/%D0%A1%D1%82%D0%B0%D1%80%D1%83%D0%BD%D1%8F,48.687008,24.489852
232,Острів Зелений,100 м нижче мосту на р. Рось м. К-Шевченківський,так,геоморфологічний,Палеопротерозой,Український Щит,Вихід гранітів-рапаківі,https://encrypted-tbn1.gstatic.com/images?q=tbn:ANd9GcRHft5-FLUosgu_ha6X8LD4wzngsQKgqA3TEC5mSGKhaDKq_tctdg,,49.410023,31.275742
376,Кам'яна могила над р.Молочна,"смт. Мирне, Мелітопольский р-н, над річкою Молочною",так,геоморфологічний,Третинний,Український Щит,"Останець пісковика Сарматського моря, з тріщинами і розломами, що привели до нагромадження плит і утворення великого числа гротів. Близько 12 млн років тому тут була піщана мілина, механізм намиття якої визначив особливості речовинного складу і неоднорідність (шаруватість) піску. З плином часу море змінила пустеля, відклалися червоно-бурі залізо-марганцеві глини, відклалися червоно-бурі залізо-марганцеві глини. Надалі утворилася западина ріки пра-Молочної, води якої проникали углиб землі; сформувався піщаний моноліт. Внаслідок фізичного вивітрювання монолітний масив пісковика розколовся на плити певної потужності (звичайно близько 0,5 м), пов'язаної з товщиною шарів піску, відкладеного на початковій стадії формування об'єкта.
Внаслідок природного поглиблення русла ріки пра-Молочної великий острів кварцитоподібного пісковика виявився на поверхні долини, підносячись над навколишнім ерозійним ландшафтом. 
Також пагорб містить декілька тисяч унікальних стародавніх наскельних зображень — петрогліфів. ",https://upload.wikimedia.org/wikipedia/commons/thumb/a/ac/%D0%9A%D0%B0%D0%BC%D0%B5%D0%BD%D0%BD%D0%B0%D1%8F-%D0%BC%D0%BE%D0%B3%D0%B8%D0%BB%D0%B0.jpg/300px-%D0%9A%D0%B0%D0%BC%D0%B5%D0%BD%D0%BD%D0%B0%D1%8F-%D0%BC%D0%BE%D0%B3%D0%B8%D0%BB%D0%B0.jpg,https://uk.wikipedia.org/wiki/%D0%9A%D0%B0%D0%BC'%D1%8F%D0%BD%D0%B0_%D0%9C%D0%BE%D0%B3%D0%B8%D0%BB%D0%B0,46.89658,35.425511
385,Печера Атлантида,"біля села Завалля, Кам'янець-Подільський р-н",так,спелеологічний,Силур,Волино-Подільська плита,"Довжина 2400 м. На стінках, склепіннях і підніжжях печери — поширені натічні форми гіпсу різного забарвлення. Трапляються волокнисті кристали завдовжки до 1,5 м. У галереях магістрального поверху є товща пухкого наповнювача потужністю до 6 м. У печері є сталактити та сталагміти, які утворюють білі, жовтуваті, рожеві, прозорі за кольором і різноманітні за формою квіти, зірочки та бурульки. При освітленні вони виграють всіма барвами і створюють казкове враження.",http://www.tourclub.com.ua/media/photologue/photos/atlantyda/cache/atlantida_005_display.jpg,https://uk.wikipedia.org/wiki/%D0%90%D1%82%D0%BB%D0%B0%D0%BD%D1%82%D0%B8%D0%B4%D0%B0_(%D0%BF%D0%B5%D1%87%D0%B5%D1%80%D0%B0),48.597874,26.345056
201,Мігматитові скелі,"с. Валове, Криворізький р-н",так,петрографічний,Палеопротерозой,Український Щит,На північ від мосту через р. Бокову можна спостерігати виходи гранітів та пегматитів. Утворюються мальйовничі пороги та водоспади,,"Геологічні пам'ятки України, том 2",48.029347,33.117195
33,Святославський кар'єр,"північна околиця с. Святослав, Сколівський р-н",ні,стратиграфічний,Верхня Крейда,Складчасті Карпати,"У стінці кар'єру відслонюється товща тонкоритмічного двокомпонентного шліфу, характерного для розрізу верхньої крейди північних структур Скибового покриву карпат. Залягання порід моноклінальне, з падінням у південно західному напрямку під кутом 45°. У товщі чтко простежуються системи тріщин.",http://carpaty.net/wp-content/uploads/2013/01/009.jpg,,49.00776,23.46521
10,Відслонення вапняків з прошарками бентонітових глин,"кар'єр півтора км на південь від с. Костянець, Дубенський р-н",ні,стратиграфічний,Верхній Міоцен,Волино-Подільська плита,Відслонення органогенних вапняків з прошарками бентонітових глин у кар'єрі. Фауна сарматського віку. Дані відклади є прибережно-морського походження (Мізоцький кряж).,,,50.4,25.932
411,"Регіональний ландшафтний парк ""Трахтемирів""",Черкаська та Київська області,так,"стратиграфічний, тектонічний, геоморфологічний","Мезозой, Кайнозой",Український Щит,"Регіональний ландшафтний парк (РЛП) ""Трахтемирів"" займає всю територію сучасного трахтимирівського півострова. Місцевість характеризується розвитком ділянок височінь складної неправильної конфігурації з широкою межею глибоких крутих розгалужених балок та ярів. В будові геологічного розрізутериторії беруть участь докембрійські кристалічні утворення та потужна осадова товща, у складі якої встановлено відклади тріасової, юрської, крейдової, палеогенової, неогенової та четвертинної систем.",https://upload.wikimedia.org/wikipedia/commons/thumb/6/6c/Trahtemyriv_Cherk-23.jpg/300px-Trahtemyriv_Cherk-23.jpg,"Геологічні пам'ятки України, том 2",49.83333333,31.38333333
1,Базальтові стовпи,"біля с. Базальтове, Костопільський р-н",так,"мінералогічний, петрографічний",Едіакарій,Волино-Подільська плита,Виходи базальтів трапової формації зі стовпчасою окремістю. Найбільш досконалі базальти у кар'єрах 3 та 5. Відслонення є свідками раннього вулканізму. Зверху знаходяться відклади четвертинних пісків та крейди. Зустрічаються окремі мінерали.,http://snap.com.ua/system/photos/714/original/23096_01PVga.jpeg.jpg?1302539394,,50.92248,26.234438
377,Карстова шахта Солдатська,"біля с. Красноселівка, Білогірський район, АР Крим",так,спелеологічний,Крейда,Кримська складчаста область,"Знаходиться на вапняковому масиву Карабі-Яйлана головній гряді Кримських гір. Найглибша печера України, у Криму найскладніша і третя по довжині. До глибини 120 м складається з нахиленої галереї у верхньоюрських вапняках шириною 2-5 метрів.",http://mw2.google.com/mw-panoramio/photos/medium/43268246.jpg,https://uk.wikipedia.org/wiki/%D0%9A%D0%B0%D1%80%D1%81%D1%82%D0%BE%D0%B2%D0%B0_%D1%88%D0%B0%D1%85%D1%82%D0%B0_%D0%A1%D0%BE%D0%BB%D0%B4%D0%B0%D1%82%D1%81%D1%8C%D0%BA%D0%B0_%D0%BD%D0%B0_%D0%9A%D0%B0%D1%80%D0%B0%D0%B1%D1%96-%D0%AF%D0%B9%D0%BB%D1%96,44.87459,34.58162
373,Гайдамацький яр,"Ямпільський та Могилів-Подільський р-ни, між селами Буша і Гомулівка",так,"стратиграфічний, геоморфологічний","Едіакарій, Едіакарій",Український Щит,"Велика кількість вивітрених та вимитих пісковиків з скелями «Баран», «Висяча», «Гриб», «Гайдамацька» (разом з печерою) та ін. Ці скелі – переважно результат післяльодовикової еолової діяльності. У ярі відкривається якісний розріз нижньої частини могилівської світи венду у покинутому кар'єрі на північному закінченні яру, з косою верствуватостю та іншими текстурами пісковиків. Яр також є типовим каньйоном, з різноманітними формами вивітрювання пісковиків, печерами, «кам'яними водоспадами». Пісковики польовошпатово-кварцові могилівської світи.",https://we.org.ua/wp-content/uploads/2014/08/vhid-v-gajdamatskyj-yar-800x400.jpg,https://uk.wikipedia.org/wiki/%D0%93%D0%B0%D0%B9%D0%B4%D0%B0%D0%BC%D0%B0%D1%86%D1%8C%D0%BA%D0%B8%D0%B9_%D1%8F%D1%80,49.539064,27.862
12,Відслонення порід повчанської світи,"північна окраїна с. Підбрусень, Млинівський р-н",так,"стратиграфічний, тектонічний",Середній Девон,Волино-Подільська плита,"Повчанська світа представлена масивними пісками світлого та червоного кольорів, голубуватими аргілітами. Дані відклади місцями перекриваються мергелеподібною крейдою, туронський вік. Причиною виходу порід середнього девону було переміщення блоку кристалічного фундаменту через австрійську фазу альпійського тектогенезу у верхній крейді. Над девонськими залягають неогенові окрем'янілі пісковики з формами фізичного вивітрювання. Останні утворились внаслідок зсувно-гравітаційних процесів у мілкому морському басейні з інтенсивною динамікою.",,,50.4,25.4845
49,Бельмак-могила,Куйбишевський р-н,так,"петрографічний, геоморфологічний",Докембрій,Український Щит,Найвища точка Приазовської височини. Висота Бельмак-Могили — 324 м над р. м. Являє собою вихід кристалічних порід Українського щита докембрію. На сьогодні до Бельмак-Могили майже з трьох боків підходить гранітний кар'єр Придніпровської залізниці.,https://upload.wikimedia.org/wikipedia/uk/thumb/9/99/%D0%91%D0%B5%D0%BB%D1%8C%D0%BC%D0%B0%D0%BA-%D0%9C%D0%BE%D0%B3%D0%B8%D0%BB%D0%B0.jpg/250px-%D0%91%D0%B5%D0%BB%D1%8C%D0%BC%D0%B0%D0%BA-%D0%9C%D0%BE%D0%B3%D0%B8%D0%BB%D0%B0.jpg,,47.232767,36.651505
8,Хотинські печери,"північний схід від с. Хотін, правий берег р. Горинь, Рівненський р-н",так,геоморфологічний,Верхній Плейстоцен,Волино-Подільська плита,"Друга надзаплавна тераса складена алювіальними суглинками. Вхід до печери через велику щільність суглинків з рівною поверзнею. Печера пов'язана з діяльністю людини. Вхід, а також сама печера, практично завалені.",https://encrypted-tbn3.gstatic.com/images?q=tbn:ANd9GcTdcSw2Lxc_kvErFb3h-yAmpTgqN35eNbDbBkhoi1-tWHwlnxDFbQ,,50.6997,26.1779
316,Скеля Бурлачка,"Корсунь-Шевченківський район, околиця с. Стеблів на р. Рось",так,"палеонтологічний, геоморфологічний",Архей,Український Щит,"Площа 0,1 га. За даними Вікіекспедиції 14-15 липня 2016 року, територія пам'ятки переживає суттєве заростання та погано проглядається.",,https://uk.wikipedia.org/wiki/%D0%A1%D0%BA%D0%B5%D0%BB%D1%8F_%C2%AB%D0%91%D1%83%D1%80%D0%BB%D0%B0%D1%87%D0%BA%D0%B0%C2%BB,49.422655,31.097955
27,Урицькі скелі,"південно-західна околиця с. Урич, долина п. Уричанка, Сколівський р-н",так,геоморфологічний,Верхній Палеоцен,Складчасті Карпати,"Скелі висотою 50 метрів являють собою ерозійні останці масивних та грубошаруватих пісковиків. Серед скель збереглись рештки стін та будівельних конструкцій, які, на думку ареологів, є залишками давньоруської фортеці Тустань (Xl-Xlll ст.).",http://photo-mandry.com.ua/wp-content/uploads/2013/02/DSC_0293.jpg,,49.190483,23.40907
47,Баранячі лоби,с. Айдар-Миколаївка Новоайдарський р-н,так,стратиграфічний,Верхня Крейда,Дніпровсько-Донецька западина,"Скельні відслонення мергелю кампанського ярусу верхньої крейди заввишки 50 м. Відслонення мергелю знаходяться на високому правому березі річки Айдар. На території пам'ятки численні скелі. Товща відслонення інтенсивно розчленована численними ярами на окремі глиби, масивні уламки мергельної породи, є декілька невеликих печер та ущелин.",https://upload.wikimedia.org/wikipedia/uk/thumb/7/7a/Cretaceous_rock.jpg/250px-Cretaceous_rock.jpg,,48.966667,38.983333
90,Василівська стінка,"поблизу урочища Замчище, с. Василів, Сокирянський р-н",так,стратиграфічний,Силур,Волино-Подільська плита,"Від села Дністер різко повертає на схід, підмиваючи стрімкий правий берег. В урвищах відслонюються різні верстви, проте стратиграфічну цінність становлять чорні сланці нижнього силуру.",http://ukrainaincognita.com/sites/default/files/u77/25d028b563d1.jpg,http://www.buktour.cv.ua/tour.php?id_categ=3&id=95,48.600546,25.833615
44,Балка Безіменна,пн-сх від села Іллірій Лутугинський р-н,так,стратиграфічний,Середній Карбон,Донецька Складчаста Споруда,"Пам'ятка природи розповсюджується на серединну частину балки Безіменної, що впадає в річку Вільхівку. На короткій ділянці спостерігається весь розріз кам'яновугільних відкладів моспинської світи (башкирський ярус). Балка складена алевролітами, пісковиками, вапняками, що вміщують палеонтологічні рештки.",http://static.panoramio.com/photos/large/64563926.jpg,,48.413563,39.015259
386,Печера Баламутівська,"пн-сх околиця села Баламутівка, Заставнівський р-н",так,спелеологічний,Крейда,Волино-Подільська плита,"Вхід до печери – великий грот висотою 7 метрів, ширина - 20 метрів, довжина - 15 метрів. Дно грота вкрите гіпсовими брилами. Печера утворена на межі гіпсових порід та розміщених під ними пісковиків. Печера низька і не дуже широка. На стінах вхідного грота збереглися наскальні малюнки періоду мезоліту (12-10 тис. років до н.е.).",http://ua.igotoworld.com/frontend/webcontent/websites/1/images/gallery/14539_800x600_1.jpg,http://www.turystam.in.ua/index.php/2012-03-11-08-21-24/127-2012-03-19-16-53-49/2141-2012-03-20-14-10-56,48.551963,26.078425
392,Печера Оптимістична,поблизу села Королівка Борщівського району,так,спелеологічний,Міоцен,Волино-Подільська плита,"Занесена до Книги рекордів Гінесса як найдовша в світі гіпсова печера, найдовша печера Євразії та друга за довжиною серед печер світу. Сумарна картографована довжина її ходів становить понад 250 км. Печера до кінця не розвідана. Ходи залягають на глибині близько 20 м під землею. Оптимістична — карстова печера. За морфологією, розміром і напрямом ходів виділяють 7 районів. Трапляються невеликі озерця. Територія поблизу входу періодично затоплюється. Нагромаджені обвальні, осипні та водні уламкові відклади. Численні гіпсові кристали. Трапляються сталактити, освіти, геліктити.",http://opogode.ua/images/uploads/14516b59c8c-1375956343_bg.jpg,https://uk.wikipedia.org/wiki/%D0%9E%D0%BF%D1%82%D0%B8%D0%BC%D1%96%D1%81%D1%82%D0%B8%D1%87%D0%BD%D0%B0_%D0%BF%D0%B5%D1%87%D0%B5%D1%80%D0%B0,48.735022,25.973692
98,Веселий шпиль,"Канівський район, кв. 5 Григорівського л-ва, 350 м на Сх від с.Трахтемирів, гора “В’язники” береговий уступ до водосховища",так,геоморфологічний,Палеоген,Український Щит,,https://upload.wikimedia.org/wikipedia/commons/thumb/3/38/Vesely_shpyl.JPG/800px-Vesely_shpyl.JPG,,49.937699,31.408056
54,Бульбони,"2.5 км на схід від с. Каплівка, Хотинський р-н ",так,стратиграфічний,Крейда,Український Щит,"Каплівський потік. Висота каскаду 3,2 м. Відслонюються вапняки.",https://s24.postimg.org/ia69wzqut/Capture.jpg,,48.449934,26.542857
42,Бабинський карст,"на північ від с. Бабин, Кельменецький район",так,геоморфологічний,Міоцен,Волино-Подільська плита,"Статус надано з метою збереження фрагментів Товарової гряди з мальовничими скелями та цінною рослинністю. Товтри за походженням є давнім бар'єрним рифом, сформованим вздовж берегової лінії неглибокого, теплого міоценового моря, що простягнувся вузькою смугою майже на 200 км.",https://upload.wikimedia.org/wikipedia/commons/thumb/1/11/%D0%A2%D0%BE%D0%B2%D1%82%D1%80%D0%B8_%D0%BC%D1%96%D0%B6_%D0%93%D1%80%D1%83%D1%88%D1%96%D0%B2%D1%86%D1%8F%D0%BC%D0%B8_%D1%96_%D0%91%D0%B0%D0%B1%D0%B8%D0%BD%D0%BE%D0%BC.JPG/300px-%D0%A2%D0%BE%D0%B2%D1%82%D1%80%D0%B8_%D0%BC%D1%96%D0%B6_%D0%93%D1%80%D1%83%D1%88%D1%96%D0%B2%D1%86%D1%8F%D0%BC%D0%B8_%D1%96_%D0%91%D0%B0%D0%B1%D0%B8%D0%BD%D0%BE%D0%BC.JPG,,48.537607,26.858288
26,Скеля Камінь-Велетень,"північно-східна околиця с. Підкамінь, Бродівський р-н",так,геоморфологічний,Верхній Міоцен,Волино-Подільська плита,"Об'єкт являє собою скелю-стрімчак висотою 16 метрів на вершині невисокого горба, що входить до складу Гологоро-Кременецької гряди. Це ерозійний останець вапнякових пісковиків сарматського ярусу верхнього міоцену (11 млн р.). Поруч зі скелею - старовинні поховання. З об'єктом пов'язані народні легенди. Скеля є типовим прикладом ерозійних останців сарматських пісковиків.",http://carpaty.net/wp-content/uploads/2013/01/002a.jpg,,49.94941,25.329825
39,Медова печера,східна околиця м. Львів,так,спелеологічний,Середній Міоцен,Волино-Подільська плита,"Печера утворилася в товщі хемогенних ратинських вапняків верхньої частини ратинського регіоярусу. Вапняки жовтувато-сірі, щільні, пелітоморфні, де-не-де кавернозні. Потужність їх - 2,2 м. Підстеляються глауконіт-кварцовими пісками і пісковиками з лінзоподібними прошарками водоростевих (багрянкових) вапняків. Перекриваються глинами, мергелями і пісковиками з прошарками бентоніту. Загальна протяжність галерей печери біля 110 м. Біля входу великий грот з колоною у центрі, від неї іде вузька галерея, що з'єднує ще два гроти.",http://i0.wp.com/photo-lviv.in.ua/wp-content/uploads/2015/08/pechera3.jpg,,49.821194,24.089889
412,Балка Північна Червона,"м. Кривий Ріг, північна околиця",так,стратиграфічний,Палеопротерозой,Український Щит,"На схилах балки відслонюются породи криворізької серії палеопротерозою. Горизонти представлені метапісковиками, кварцтами, сланцями, мартитовими породами. На днищі та схилах балки зустрічаються величезні брили грубоуламкових конгломератів, що належать до об'єктів, навколо яких точаться тривалі дискусії.",https://upload.wikimedia.org/wikipedia/commons/thumb/0/03/%D0%A7%D0%B5%D1%80%D0%B2%D0%BE%D0%BD%D0%B0_%D0%B1%D0%B0%D0%BB%D0%BA%D0%B0_(%D0%BC%D1%96%D1%81%D1%86%D0%B5%D0%B2%D0%B8%D0%B9_%D0%B7%D0%B0%D0%BA%D0%B0%D0%B7%D0%BD%D0%B8%D0%BA)_20.JPG/300px-%D0%A7%D0%B5%D1%80%D0%B2%D0%BE%D0%BD%D0%B0_%D0%B1%D0%B0%D0%BB%D0%BA%D0%B0_(%D0%BC%D1%96%D1%81%D1%86%D0%B5%D0%B2%D0%B8%D0%B9_%D0%B7%D0%B0%D0%BA%D0%B0%D0%B7%D0%BD%D0%B8%D0%BA)_20.JPG,"Геологічні пам'ятки України, том 2",48.105,33.51305556
168,Канівські куести,"Кв.10 Канівського л-ва 750 м від околиці м.Канів, правий схил верхнього правого відгалудження Сухого Потоку",так,"тектонічний, тектонічний","Палеоген, Верхня Крейда",Український Щит,"В урвистих схилах Костянецького яру зверху донизу по його головному тальвегу простежується декілька складок-насувів, а також антиклінальна складка, ядро якої складено глинами келовейського ярусу середньоюрського віку. Складки, а також крила діапіру представлені відкладами бучацької та канівської серії палеогену та сеноманського ярусу верхньої крейди. Насуви на діапіри Костянецького яру - унікальні тектонічні структури не до кінця з'ясованого походження.",https://upload.wikimedia.org/wikipedia/commons/thumb/a/a8/%D0%9A%D0%B0%D0%BD%D1%96%D0%B2%D1%81%D1%8C%D0%BA%D1%96_%D0%BA%D1%83%D0%B5%D1%81%D1%82%D0%B8.JPG/800px-%D0%9A%D0%B0%D0%BD%D1%96%D0%B2%D1%81%D1%8C%D0%BA%D1%96_%D0%BA%D1%83%D0%B5%D1%81%D1%82%D0%B8.JPG,,49.747913,31.427319
372,Відслонення Могилівської свити,"на схід від с. Немія, Могилів-Подільськийр-н",так,стратиграфічний,Протерозой,Український Щит,"Вихід протерозойських відкладів у долині річки Немії, що є рідкісним стратотипним розрізом могилівської світи.",,https://uk.wikipedia.org/wiki/Відслонення_Могилівської_світи,48.458869,27.774899
378,Кизил-коба,"3,5 кілометрів від с. Перевальне, Сімферопольський район, АР Крим",так,спелеологічний,Верхня Юра,Кримська складчаста область,"Печера промита водою у вапняках на західному схилі Головного пасма Кримських гір. Печера Кизил-Коба — великий печерний комплекс, утворений річкою Субаткан, який поділяється підземним озером на дві частини — ближня та дальня.",http://crimeaz.ru/images/peschery/kizil-koba/%202.jpg,https://uk.wikipedia.org/wiki/%D0%9A%D0%B8%D0%B7%D0%B8%D0%BB-%D0%9A%D0%BE%D0%B1%D0%B0,44.870025,34.343469
408,Відслонення крейдових та юрських відкладів біля с. Троянець,Канівський р-н в 2 км на південь від с. Тростянець,ні,стратиграфічний,"Середній Плейстоцен, Нижній Еоцен, Верхня Крейда, Середня Юра",Український Щит,"У великому Тростянецькому яру відслонюються в верхів'ях яру (зверху донизу): Середній плейстоцен. Тясминський кліматоліт: суглинок світло-коричневий, палевий, лесовидний, з стовбчастою окремністю 2,5 м. Нижній еоцен. Канівська серія: пісокглауконт-кварцовий, сіро-зелений, дрібнозернистий, глинистий, серед пісків залягають прошарки пісковиків темно-сірих, сірих, цукроподібних, з черепашковим детритом. Верхня крейда сеноманський ярус: пісок глауконіт-кварцовий, зеленувато-сірий з прошарками пісковику. Середня юра, келовейський ярус: глини та алеврититемно-сірі, чорні, з белемнітами, зім'яті, дислоковані.",,"Геологічні пам'ятки України, том 2",49.76666667,31.35
28,Ямельницькі скелі,"с. Ямельниця, Сколівський р-н",ні,геоморфологічний,Верхній Палеоцен,Складчасті Карпати,"У околиці с. Ямельниця спостерігаються мальовничі скелі висотою до 30 (найбільша скеля Шията висотою 35 м), які є типовими ерозійними останцями масивних пісковиків ямненської світи.",http://carpaty.net/wp-content/uploads/2013/01/004.jpg,,49.190483,23.48713
18,Рокитнівський масив,"1 км від півнчної окраїни смт Рокитне, Рокитнівський р-н
",ні,петрографічний,Палеопротерозой,Український Щит,"Кар'єром розкрито повний розріз габроїдів Рокитнівського масиву і їх взаємовідносини з іншими породами. Габроїди міцні середньозернисті, вміщують ксеноліти діабазових порфіритів клесівської серії і прориваються жилами гранітів осницького комплексу. Також зафіксовани вкорінення гранітного розплаву в затверділі габроїдні породи.",,,51.30268,27.23378
11,Вихід порід житомирського комплексу,"південний захід від с. Сторожів, Корецький р-н",ні,петрографічний,Палеопротерозой,Український Щит,"У кар’єрі на лівому березі р. Корчик розробляли біотитовий гнейс темно-сірого, майже чорного кольору, дрібно- і середньозернистий з добре вираженою сланцюватістю, місцями смугастою текстурою з прошарками графіту. Породи кар’єру мають ознаки первинно-осадового походження. Вихідними породами найімовірніше були пісковики і супіски, які в процесі метаморфізму перетворились у гнейси.",,,50.704347,27.2511
31,Мертве озеро,"долина р. Кам'янка, Сколівський р-н",так,геоморфологічний,Олігоцен,Складчасті Карпати,"Озеро відоме під різними назвами (Морське Око, Мертве або Журавлине озеро), розташоване на південному схилі хр. Ключ, у 100 м над долиною р. Кам'янка, в 500 м від Кам'янського водоспаду. Має округлу форму  діаметром біля 100 м, з зарослими берегами. Утворилося в результаті зсуву, що перекрив русло невеликого потоку.",http://guide.karpaty.ua/uploads/article_photos/1431436266-955884__MertveOzero1.jpg,,49.035226,23.57193
391,Печера Озерна,"1 км на пд-зх від села Стрілківці, Борщівський р-н",так,спелеологічний,Середній Міоцен,Волино-Подільська плита,"Загальна довжина районів печери становить 120 км. Назва печера бере від численних підземних озер, що знаходяться у цій печері. Озерна - печера лабіринтового типу в товщі гіпсів (близько 20 м), з галереями, великими залами й вузькими, непролазними ходами. Характерним для неї є наявність так званих органних Труб, пов'язаних із тріщинами в гіпсових товщах й озер. Періодично печера затоплюється.",http://ukr-tur.narod.ru/turizm/regionukr/ternop/harakter/pecher/ozerna/ozerna8.jpg,http://www.nedaleko.ua/sight/%D0%9F%D0%B5%D1%87%D0%B5%D1%80%D0%B0_%D0%9E%D0%B7%D0%B5%D1%80%D0%BD%D0%B0.uk,48.764321,25.965874
410,Канівські гори,м. Канів,так,геоморфологічний,"Докембрій, Мезозой, Кайнозой",Український Щит,"На південь від м. Канів на території Канівського державного заповідника розташовані Канівські гори, серед яких виділяються гора Чернеча, Княжа гора, Мар'їні гори. На території Канівських гір знаходиться могила та музей Т. Шевченка. Завдяки Канівському природному заповіднику збережено та вивчається різноманітний рослинний та тваринний світ лісостепової зони україни. Не менше наукове значення становить геологічна будова унікальних Канівських гляціодислокацій. ",http://www.pro-vincia.com.ua/articles_photos/45(37).jpg,"Геологічні пам'ятки України, том 2",49.71666667,31.51666667
379,Китайгородське відслонення,околиця с. Китайгород Кам'янець-Подільського району,так,стратиграфічний,"Силур, Девон",Волино-Подільська плита,"Один із найповніших у світі розрізів відкладень силуру і девону, міжнародний геологічний еталон відслонення третього і четвертого періодів палеозойської ери починається на лівому березі річки Тернава і охоплює весь схил пагорба на південно-західній околиці села Китайгород. Виділияють три горизонти верхнього силуру Поділля: нижній — пісковики; середній — сланці; верхній — вапняки. Загалом тут розрізняються три яруси: венлокський (пісковики і сланці з фосфоритовими конкреціями), лудловський (вапнякиз рештакми корал  й сланці у верхній частині; брахіоподи) і даунтонський (вапняки та глинисті сланці). Оскільки у світі мало місць, де зустрічається повний розріз силурійських порід, то дане відслонення має належати до Світової геологічної спадщини.",https://upload.wikimedia.org/wikipedia/commons/thumb/b/b3/Holland_students_211.jpg/260px-Holland_students_211.jpg,https://uk.wikipedia.org/wiki/%D0%9A%D0%B8%D1%82%D0%B0%D0%B9%D0%B3%D0%BE%D1%80%D0%BE%D0%B4%D1%81%D1%8C%D0%BA%D0%B5_%D0%B2%D1%96%D0%B4%D1%81%D0%BB%D0%BE%D0%BD%D0%B5%D0%BD%D0%BD%D1%8F,48.638427,26.816365
45,Балка Довга,на південь від села Іллірій Лутугинський р-н,так,стратиграфічний,Середній Карбон,Донецька Складчаста Споруда,"У балці відслонюється розріз середньокам'яновугільних верств башкирського ярусу. Балка складена алевролітами, пісковиками, вапняками і кам'яновугільними верствами, що вміщують палеонтологічні рештки. На одному з виходів потужних верств пісковиків утворився Іллірійський водоспад.",http://photos.wikimapia.org/p/00/02/74/60/56_big.jpg,,48.387119,38.999369
3,"Надзаплавна тераса р. Стир
","с. Набережне, с. Боремель, Млинівський р-н",ні,геоморфологічний,Плейстоцен,Волино-Подільська плита,"Надзаплавна тераса, що складена лесовидними суглинками. Круті схили утворилися за рахунок ерозії річкою та роботою хвиль.",http://static.panoramio.com/photos/1920x1280/57744768.jpg,,50.469399,25.204098
16,Урочище Коплище,"3 км на схід від смт Клесів, Сарненський р-н, урочище Коплище",ні,петрографічний,Палеопротерозой,Український Щит,У кар'єрі видобувається крупнозернистий граніт осницького комплексу. Інколи гранітний масив перетинають малопотужні дайки аплітоїдних гранітів та пегматитів.,http://mw2.google.com/mw-panoramio/photos/medium/32761836.jpg,,51.3,26.933333
314,Скеля І.С.Нечуя-Левицького,"Корсунь-Шевченківський район, околиця с. Стеблів на р. Рось",так,геоморфологічний,Архей,Український Щит,"Площа 0.1 га. За переказами, скеля була улюбленим місцем відпочинку Івана Нечуя-Левицьокого.",https://upload.wikimedia.org/wikipedia/commons/thumb/e/ee/%D0%A1%D0%BA%D0%B5%D0%BB%D1%8F_%D0%86._%D0%9D%D0%B5%D1%87%D1%83%D1%8F-%D0%9B%D0%B5%D0%B2%D0%B8%D1%86%D1%8C%D0%BA%D0%BE%D0%B3%D0%BE.jpg/250px-%D0%A1%D0%BA%D0%B5%D0%BB%D1%8F_%D0%86._%D0%9D%D0%B5%D1%87%D1%83%D1%8F-%D0%9B%D0%B5%D0%B2%D0%B8%D1%86%D1%8C%D0%BA%D0%BE%D0%B3%D0%BE.jpg,https://uk.wikipedia.org/wiki/%D0%A1%D0%BA%D0%B5%D0%BB%D1%8F_%D0%86._%D0%A1._%D0%9D%D0%B5%D1%87%D1%83%D1%8F-%D0%9B%D0%B5%D0%B2%D0%B8%D1%86%D1%8C%D0%BA%D0%BE%D0%B3%D0%BE,49.409392,31.129534
190,Костівщина,"Канівський район, с. Монастирок, стіни яру і схил гори “Костівщина” з боку Дніпра",так,стратиграфічний,Палеоген,Український Щит,"Береговий уступ водосховища довжиною 350 м, висотою 40-50 м є найкращим розрізом канівської світи.",,,49.971172,31.409003
59,Відслонення Богуславських гранітів,"м. Богуслав, Богуславський р-н",так,петрографічний,Архей,Український Щит,"На обох берегах та в руслі річки Рось виходять гранітні скелі заввишки до 10 м. Відслонення є стратотипом богуславських гранітів звенигородського комплексу архейського віку. Граніти світло-сірі середньозернисті з великою кількістю порфіробластів (розміром до 1,5 см) світло-сірого польового шпату. В деяких місцях вони прорвані звивистими жилами пегматиту (потужністю до 0,5 м). за темою: Відслонення богуславських гранітів. У 2010 р. увійшов до складу Регіональний ландшафтний парк „Богуславль”.",https://upload.wikimedia.org/wikipedia/commons/thumb/7/7f/%D0%92%D1%96%D0%B4%D1%81%D0%BB%D0%BE%D0%BD%D0%B5%D0%BD%D0%BD%D1%8F_%D0%B1%D0%BE%D0%B3%D1%83%D1%81%D0%BB%D0%B0%D0%B2%D1%81%D1%8C%D0%BA%D0%B8%D1%85_%D0%B3%D1%80%D0%B0%D0%BD%D1%96%D1%82%D1%96%D0%B2.jpg/300px-%D0%92%D1%96%D0%B4%D1%81%D0%BB%D0%BE%D0%BD%D0%B5%D0%BD%D0%BD%D1%8F_%D0%B1%D0%BE%D0%B3%D1%83%D1%81%D0%BB%D0%B0%D0%B2%D1%81%D1%8C%D0%BA%D0%B8%D1%85_%D0%B3%D1%80%D0%B0%D0%BD%D1%96%D1%82%D1%96%D0%B2.jpg,https://uk.wikipedia.org/wiki/%D0%92%D1%96%D0%B4%D1%81%D0%BB%D0%BE%D0%BD%D0%B5%D0%BD%D0%BD%D1%8F_%D0%B1%D0%BE%D0%B3%D1%83%D1%81%D0%BB%D0%B0%D0%B2%D1%81%D1%8C%D0%BA%D0%B8%D1%85_%D0%B3%D1%80%D0%B0%D0%BD%D1%96%D1%82%D1%96%D0%B2,49.546317,30.882147
46,Балка Журавльова,"с. Велике Мішкове, Амфросіївський р-н",так,стратиграфічний,Карбон,Донецька Складчаста Споруда,"У Балці Журавлева міститься оголення, в якому вугільні пласти виходять на поверхню. Пласти вугілля вийшли на поверхню під впливом внутрішніх і зовнішніх сил землі у верхньому крилі північного Журавлівського насування Амвросіївської антикліналі. До цього пласти перебували на великій глибині.",,,47.87314,38.55275
402,Сопка Джау-Тепе,"на околицях с. Вулканівка, Ленінський район, Керченський півострів",так,вулканічний,Міоцен,Кримська складчаста область,"Назва в перекладі на українську - «ворожа гора». Це грязьовий вулкан, останнє виверження якого відбулося в 1942 році, після чого вулкан замовк. Вулкан Джау-Тепе вважається найбільшим на Україну Підйом сопки над рівнем моря - 120 метрів.",http://snap.com.ua/system/photos/1585/original/%D0%A1%D0%BE%D0%BF%D0%BA%D0%B0%20%D0%94%D0%B6%D0%B0%D1%83-%D0%A2%D0%B5%D0%BF%D0%B5.jpg?1320393070,http://snap.com.ua/uk/travel/sopka-dzhau-tepe,45.134923,35.939444
346,Тростянецький тріас,"Канівський район, лівий схил яру “Маньова” (“Поруб”) між селом і його другим відгалудженням в 200 м від півн. околиці с. Тростянець",так,стратиграфічний,Тріас,Український Щит,,,,49.771597,31.364162
56,"Відклади крейдових порід, відслонених в басейні р.Дністер","біля смт Журавно і Старе Село, Жидачівський р-н",так,стратиграфічний,Крейда,Складчасті Карпати,,,,49.256894,24.308819
51,Бориславський розріз палеогену,"м. Борислав,  Дрогобицький район",так,"стратиграфічний, тектонічний","Палеоген, Неоген",Складчасті Карпати,Розташована в правому березі річки Тисмениці і пердставлена інтенсивно зімнутими в складки та розірвані насувами товщі порід палеоген-неогеновихвідкладів Внутрішньої зони Передкарпатського передового прогину. Займає площу 2 га.,http://wikivisually.com/lang-uk/wiki/%D0%A4%D0%B0%D0%B9%D0%BB:%D0%A0%D0%BE%D0%B7%D1%80%D1%96%D0%B7_%D0%BF%D0%B0%D0%BB%D0%B5%D0%BE%D0%B3%D0%B5%D0%BD%D0%B0_%D0%B1%D0%BB%D0%B8%D0%B7_%D0%BC%D0%BE%D1%81%D1%82%D0%B0_%D1%87%D0%B5%D1%80%D0%B5%D0%B7_%D0%A2%D0%B8%D1%81%D0%BC%D0%B5%D0%BD%D0%B8%D1%86%D1%8E_%D0%BD%D0%B0_%D0%BE%D0%BA%D0%BE%D0%BB%D0%B8%D1%86%D1%96_%D0%91%D0%BE%D1%80%D0%B8%D1%81%D0%BB%D0%B0%D0%B2%D0%B0.jpg,https://uk.wikipedia.org/wiki/%D0%91%D0%BE%D1%80%D0%B8%D1%81%D0%BB%D0%B0%D0%B2%D1%81%D1%8C%D0%BA%D0%B8%D0%B9_%D1%80%D0%BE%D0%B7%D1%80%D1%96%D0%B7_%D0%BF%D0%B0%D0%BB%D0%B5%D0%BE%D0%B3%D0%B5%D0%BD%D1%83,49.293579,23.430153
388,Печера Вертеба,"за 2 км на пн-зх від села Більче-Золоте, лівий берег р. Серет, Борщівський р-н",так,"спелеологічний, музейно-колекційний",Середній Міоцен,Волино-Подільська плита,"Вертеба - єдина в Україні печера-музей, що представляє світ зниклої понад 5000 років тому цивілізації. Належить до найбільших печер у Європі, довжина підземних ходів — 9021 м. Печера складається з широких галерей, розділених вузькими перемичками.  Сформована у верхній частині товщі великокристалічним гіпсом тортонського віку під дією тектонічних рухів та процесів карстування. Стінки гладкі й темні, на склепіннях — карбонатні натічні утворення у вигляді кірок, рідше — невеликих сталактитів. Печера Вертеба є особливою серед гіпсових печер Поділля. Вона дещо відрізняється від інших своєю геологічною будовою, а також тим, що в ній виявлено величезне багатство археологічних знахідок доби енеоліту (IV–III тис. до н. е.).",http://stezhkamu.com/img/po/435.jpg,https://uk.wikipedia.org/wiki/%D0%92%D0%B5%D1%80%D1%82%D0%B5%D0%B1%D0%B0,48.788864,25.871514
24,Озеро Світязь,"смт Шацьк, Шацький р-н",так,геоморфологічний,Середній Плейстоцен,Волино-Подільська плита,"Озеро карстового походження, входить до групи шацьких озер, які в басейні р. Західний Буг виповнюють воронкоподібні провали у крейдових породах. Навколо озера на денну поверхню виходять середньоплейстоценові відклади. В окремих місцях береги озера мають білуватий вигляд завдяки близькому заляганню до денної поверхні крейдових відкладів.",https://encrypted-tbn1.gstatic.com/images?q=tbn:ANd9GcSMyX6mwFrWoiNNKaTHZ8CfH_Xo2Y1LsIoDoUgxX-QK3R5L3XYE,,51.5,23.84
321,Скеля Козак-камінь,"Корсунь-Шевченківський район, околиця с. Стеблів на р. Рось",так,геоморфологічний,Палеопротерозой,Український Щит,Вихід гранітів-рапаківі.,https://upload.wikimedia.org/wikipedia/commons/thumb/8/89/%D0%A1%D1%82%D0%B5%D0%B1%D0%BB%D1%96%D0%B2._%D0%A1%D0%BA%D0%B5%D0%BB%D1%8F_%22%D0%9A%D0%BE%D0%B7%D0%B0%D0%BA-%D0%BA%D0%B0%D0%BC%D1%96%D0%BD%D1%8C%22.jpg/397px-%D0%A1%D1%82%D0%B5%D0%B1%D0%BB%D1%96%D0%B2._%D0%A1%D0%BA%D0%B5%D0%BB%D1%8F_%22%D0%9A%D0%BE%D0%B7%D0%B0%D0%BA-%D0%BA%D0%B0%D0%BC%D1%96%D0%BD%D1%8C%22.jpg,,49.414609,31.22613
9,Природне джерело с. Хотин,"північний схід від с. Хотін, правий берег р. Горинь, Рівненський р-н",так,гідрогеологічний,Турон,Волино-Подільська плита,"Джерело висхідного типу, на 8-9 м вище врізу води р. Горинь. Джерело окультурене.",,,50.70388,26.22992
67,Відслонення девону в с.Вістря №1,"50 м вище за течією від села Вістря Монастириського р-ну, на лівому березі річки Дністер.",так,стратиграфічний,Середній Девон,Волино-Подільська плита,"Відслонення терогенних порід, що не містять палеонтологічних решток, і умовно віднесені до середнього девону. У верхній частині відслонення знайдені рештки викопних рослин: псилофітів (характерних для середнього девону), плауноподібних, членистостеблих, папоротеподібних і рослин не визначеного походження. Відслонення має важливе значення для встановлення історії розвитку рослинного світу.",http://upload.wikimedia.org/wikipedia/commons/thumb/8/89/Vistria_Vidslonennia_Devonu_N1_RB.jpg/300px-Vistria_Vidslonennia_Devonu_N1_RB.jpg,http://wikivisually.com/lang-uk/wiki/%D0%92%D1%96%D0%B4%D1%81%D0%BB%D0%BE%D0%BD%D0%B5%D0%BD%D0%BD%D1%8F_%D0%B4%D0%B5%D0%B2%D0%BE%D0%BD%D1%83_%E2%84%96_1_%D1%83_%D1%81%D0%B5%D0%BB%D1%96_%D0%92%D1%96%D1%81%D1%82%D1%80%D1%8F,48.93666,25.147367
